files,available,reviewed,url,request,upon,results,reports,interpreted,website,internal,external,query,peer,accessed,weekly,journals,summaries,mmwr
pdf,annual,reports
report
articles,annual,monthly,journal,online,mmwr,summary,maps,updates,epi,peer,x,reviewed,usgs,weekly
report,pdf,query,database
website,documentation,survey
annual,free,reports
available,brfss,documentation,site,analysis,survey,tools
website,biocaster
alerts,email,users
scmsvn,code,gforge,stanford,biostorm,free,project,gf,bmir,https,edu
noinfo
sharing,lockers,inside,jurisdiction,access,biosense,agreements,portal
noinfo
operations,portals,via,mexican,conops,office,intelligence,oha,officials,nbic,daily,broader,partner,well,issues,subject,information,redistributed,monitoring,network,federal,distributed,state,coordination,hsin,critical,health,homeland,posted,dhs,stakeholders,available,minerva,product,sharing,recently,users,government,reporting,watch,agencies,noc,portal,desk,authorities,develop,distribution,biosurveillance,tracked,made,canadian,items,interest,list,reports,biowatch,specific,sltt,synopsis,planning,enterprise,bcop,security
noinfo
control,logistics,partners,intelligence,dod,defense,command,homeland,international,nbc,nato,cocoms
noinfo
none
noinfo
publications
interface
noinfo
available,website,datasets
website,map,bar,freely,available,graph
files,website,excel,published
noinfo
noinfo
noinfo
files,website
quarterly,pdf,annual,reports
disseminable,health,local,departments,reports
partner,login
website
files,website,downloading,users,text,online,results,center,application,dmed,health,user,forces,accessed,interface,query,exported,afhsc,armed,friendly,authorized
noinfo
authorized,researchers
files,xml,excel,access,downloaded,interface
limited,www,set,distribute,site,private,one,isds,weekly,implementation,jurisdictions,system,member,isdsdistribute,downloads,stakeholders,available,used,apis,syndromic,showing,org,aggregated,made,maintain,visualizations,view
inspectors,users,registered,regulators,across,dot
files,available,site,reports
graphs
noinfo
relevant,communication,general,report,literature,reports,networks,information,educational,alerts,forests,publish,state,health,forest,conduct,triennial,conditions,stakeholders,symposia,releases,update,nation,insect,regular,others,press,annual,disease,websites,continue,pest
cdc,direct,foodborne,states,download,xml,information,united,outbreaks,access,online,outbreak,food,listing,reported,designed,report,database,annual,disease,allow,searched
query
noinfo
visualize,review,export,portal,query,input,analyze
enabled,disseminated,results,view
enabled,disseminated,results,view
interface
noinfo
eip,cdc
website,files,network,cdc,national,annual,reports,summary,safety,nhsn,journal,publications
download,information,viewed,fluview
ipad,via,alerts,devices,notifications,visualizations

notification,alerts,mmwr,epidemic
map,news,articles,display,promed
bulleting,online,weekly

access,request,others
flunet
noinfo
different,users,monthly,annual,reports,summary,produced,standard,email,weekly
interface
noinfo
reports
noinfo
files,available,site,reports
files,ten,simple,creation,raw,individual,drug,information,statistics,ways,extracted,safety,provides,relational,consisting,available,case,faers,sending,performed,familiar,databases,obtained,persons,cannot,biologic,fda,received,search,database,freedom,request,reports,foi,products,cre,following,therapeutic,numbers
e,text,twitter,list,medwatch,html,facebook,listserv,feeds,archival,rss
website,visualization,availbale,database,charts,reports,quick,map,download,entry,interactive,advanced,weekly
noinfo
foodnet,emergency,system,response,call,coordination,mir3
monthly,foodnet,reports
noinfo
noinfo
feed,healthmap
available,website,published,reports,database
alerts,email,subscription
noinfo
noinfo
noinfo
noinfo
noinfo
noinfo
noinfo
interface
website
information,flunet,sent
system,stakeholders
noinfo
available,datasets,survey,site
interface
trends,google,flu
noinfo
announcements,datasets,downloadable,archive,media

available,made,bulletins,protection,national,published,distributed,system,qsurveillance,health,routine,report,hpa,weekly
noinfo
available,fda,last,area,country,alerts,sign,website,updates,published,date,import,email,weekly
website,productivity,nahss,national,annual,system,reports,health,inventory,animal,u
fluview,aggregated,weekly
officials,health
available,graphs,fluview
noinfo
bulletins,notifiable,reports,epi,newspaper,newsletter,condition,weekly
noinfo
noinfo
noinfo
prior,weeks,two,site
noinfo
noinfo
publications,reports,mmwrs
website,protected,password,portal,government
report,pdf,annual
information,health,system,phis
available,appears,researchers
control,files,www,cdc,disease,tabular,aggregate,council,specified,area,finalized,territorial,state,html,policy,responsibility,gov,weekcvol,available,http,reporting,upon,agreement,cste,user,report,condition,case,made,epidemiologists,microdata,level,url,programs,request,mmwr,summary,specific,person,accordance,week,release,provisional,prevention
personnel,usda
noinfo
nahss,national,alerts,system,reports,shares,quarterly,health,nahln,animal,aphis
website,provided,commodity,study,reports,project,report,stakeholders
information,annual,provides,comparison,monthly,showing,reporting,system,reports,disease,reported,state,officials,health,occurrences,animal,online,entire,along,u
national,reporting,system,nahrs,reported,health,animal
website,scientific,annual,reports,publications,posted
noinfo
reports
administrator,congress,area,regional,copies,aphis,state,vs,offices,veterinarians,cre,report,cooperators,sent,secretary
interface
website,productivity,nahss,national,annual,system,reports,health,inventory,animal,u
website,productivity,nahss,national,annual,system,reports,health,inventory,animal,u
noinfo
none
files,website
noinfo
website,pii,secure,cdc,restricted,access,sensitive,query,sdn,network
interface
articles,datasets,scientific,provided,technical,nhanes,documentation,mmwr,related,site,publications,questionnaires,journals
available,website,microdata,reports
available,website,comparison,publicly,query
mmwr,reports,weekly
atlas,nchhstp,publications,reports,annual
sheets,fact,files,publications,reports
files,website,reports
available,website,free
available,diseases,notifiable,national,system,nndss
noinfo
figure,notifiable,site,avr,iv,ii,table,aids,weekly,requirements,publication,standardized,stewardship,agreements,criteria,assessment,diseases,hiv,rules,tool,reporting,link,procedures,case,tb,annual,mmwr,reports,summary,etc,u,residency,policies,nndss,definitions
noinfo
available,query,online
mmwr,reports,weekly
files,website,reports
provided,fee,around,agents,federal,request,forms,turn,products,directly,pdf,weeks
website,productivity,nahss,national,annual,system,reports,health,inventory,animal,u
website,xls
website,productivity,nahss,monthly,national,annual,system,reports,health,inventory,animal,u
available,aging,within,university,icpsr,located,archive,consortium,interviews,de,political,identified,wave,computerized,publications,research,inter,national,researchers
website,pdf,annual,reports,summary
website,pdf,annual,reports,summary
website,pdf,annual,reports,summary
website,pdf,annual,reports,summary
website,pdf,annual,reports,summary
website,pdf,annual,reports,summary
website,pdf,annual,reports,summary
files,requested,may,snapshots,graphs,chartbooks,free,pdf,interactive
files,available,website,reports
available,pdf,annual,reports,publicly
noinfo
apex,fax,email,strand
access,restricted,database,reports,summary
available,nvss,site,publicly
noinfo
available,nwfhsdb,database,national,health,wild,survey,fish
subset,website,via,center,form,request,currently,available,raw,outside,pdf,bse,accessible,disk,xls
noinfo
access,restricted,lists,databases
noinfo
usda,protection,border,reports,customs,dept,state,officials,ag,others,weekly,dhs,users
website
files,available,scientific,useae,restricted,site,reports,granular,papers
state,annual,websites,reports,posted
files,available,request,upon,summary,base,online,pramsstat
process,flow,messages,system,importance,moderated,screening,cre,electronic,disseminated,accuracy
interface
alerts
epidemiological,england,section,primary,cdr,published,wales,care,bulletin,weekly
noinfo
xls,accessed,downloadable,files
database,journal,radiation,results,lab,erd,environmental,radnet,reports,quarterly,envirofacts
noinfo
available,code,open
noinfo
accessed,site
reports
report,infoshare,knowledge,repository
noinfo
website,datasets,free
noinfo
noinfo
noinfo
notifications,alerts
quarterly,reports
noinfo
available,map,site,visualizations
noinfo
available,reuqest
website,productivity,nahss,national,annual,system,reports,health,inventory,animal,u
text,twitter,sms,messages,email
website
available,website
noinfo
noinfo
available,annual,site,reports,summary
descriptive,year,time,table,isolates,type,counts
newsletters,interpretation,bulletins,releases,identifying,providers,reports,general,specific,release,directors,press,laboratory,contribution,providing,concise,efforts,clinicians
enrollees,shared,results,websites,partner
mmwr,reports,weekly
noinfo
query,reports
website,map,bar,freely,available,graph
feeds,internal,listservs,rss
via,spanish,follow,validated,open,event,electronically,weekly,member,verified,working,notification,distributed,three,send,quickly,languages,evolves,oie,published,delegates,french,immediate,report,monitored,must,info,received,official,list,reports,english,following,distribution
access,formats,mmwr,free,results,slides,publications,sheets,sets,sas,spss,ascii,fact
