pneumonia,influenza,related,death
associated,vasovagal,needle,related,apheresis,adverse,donation,blood,injury,local,events,allergic
mrsa,influenza,haemophilus,strep group b,h influenzae,streptococcus,neisseria,strep,meningitidis
diseases,viral encephalitis,eastern equine encephalitis,arthropod,arboviral,virus,western equine encephalitis,encephalitis
donors,viremic,veterinary,e,presumptive,addition,west,maintains,infections,disease,nile,mosquitoes,arboviral,arbonet,blood,human,sentinel,animals,birds,dead
asthma
information,aspects,acute,hazardous,currently,system,chemical,incidents,key,collects,existence
behaviors,influenza,mental,related,chronic,illness,quality,disability,access,health,screening,conditions,events,risk,cre,services,vaccine,care,violence,heath,practices,shortage,preventive
infectious,diseases
syndromes,fifth,gastroenteritis,disease
applied,exploring,different,reconfigure,rapidly,users,deploy,perform,allows,biostorm,environment,sources,collect,algorithms,aberrancy,signals,performance,types,configure
acute,respiratory,syndrome,global,disease,foot and mouth,animal,sars,fmd,syndromes
emerging,infectious,results,lab,diagnostic,record,clinical,electronic,chronic disease
infectious,disease
protocol,requested,national,share,one,bring,nbic,threshold,partner,event,partners,federal,agency,integration,mechanism,potentially,helps,criteria,teleconference,nbis,meets,notice,enable,initiated,information,activated,significant,situation,biosurveillance,short,request,together,capability,biological,example
lassa fever,fever,malaria,infectious,disease,dengue,animal,foodborne illness,plague,anthrax,melioidosis
hazards,infectious,disease
bioterrorism,agents
ehrlichiae,rubella,rickettsiae,rickettsia,measles,hepatitis,hepatitis d,hepatitis e,virus,dengue,hepatitis a,hepatitis b,hepatitis c
spongiform,encephalopathy,bovine
norovirus
acute,g,syndromic,diarrhea,diagnostic,entities,etiologic,others,campylobacter
nerve,influenza,mustard,chemical,chemicals,industrial,agents,anthrax,toxic,biological,avian influenza,sars
illnesses,fatal,workplace,injuries
chagas,disease
lead,elevated,sources,examine,potential,blood,extent,exposure
ckd,kidney,chronic disease
chronic wasting disease,notifiable,chronic disease
fever,classical swine fever,csf
pneumoconiosis
respiratory,reproductive,typhimurium,derby,intracellularis,prrs,virus,lawsonia,porcine,salmonella,syndrome
std,infectious,tuberculosis,disease
exotic,plant,diseases,pests,weeds
headache,influenza,pain,sudden,ili,onset,fever,symptoms,muscle,respiratory illness
demographic,related,current,experiences,historical,military,events
force,deaths,captures,rank,guard,purchased,navy,immunizations,captured,occupation,provided,service,army,personal,demographic,system,deployments,health,utilizing,events,careers,civilian,dependent,outpatient,coast,reportable,members,marine,care,entire,dmss,factors,air,components,military,retirees,reserve
military,us,samples,recruits
disease,animal,syndromes
seasonal,influenza,distress,ed,code,counts,total,group,syndrome,zip,febrile,visit,three,totals,syndromes,digit,gastroenteritis,aggregate,constituent,respiratory illness,age,daily,ili
businees,deaths,intelligence,penalties,ram,phmsa,complaints,trends,solutions,determine,measure,calendar,injuries,information,working,etc,alerts,rash,certificatons,safety,damages,performance,violations,crash,approvas,cargo,nrc,hazardous,material,registations,mapping,regulations,incident,uscg,report,tank,allocation,accident,resource,target,permits,incidents,budgeting,analysis,registrations,reports,truck,release,tanker,inspection
misuse,abuse,drug
respiratory,gastrointestinal,neurological,ili
terror,bio,agents
control,biological,forest,pests,invasive
viral,parasitic,chemical,botulism,agents,enteric,bacterial
biological,outbreaks,agents,infectious,disease
chemical,radioactive,toxins,supply,food,radionuclide,analytes,analysis,elementsmicrobiological,sample,microbiological,radiological,safety,mycotoxins,toxic,pesticides,occurring,parasites,environment,naturally
fever,mucocutaneous,consciousness,nausea,diarrhea,rash,vomiting,symptoms,sore,distrubance,throat,hemorrhage,cough,convulsion,headache
codes,stroke,ili,heat,clinical,various,gi
injury,hazards,infectious,disease
neurological,influenza,asthma,dermatologic,syndromic,infectious,fever,gastroenteritis,respiratory illness
emerging,threats,transboundary,disease,tad,re,non,animal,zoonotic
antibiotic resistance,staphylococcus,influenza,pneumoniae,resistant,haemophilus,staph,strep group b,h influenzae,streptococcus,pneumonia,neisseria,vaccine,groups,methicillin,strep,meningitidis,aureus
mrsa,multi,resistant,clostridium,negative,infection,drug,candida,c difficile,bacteria,gram
pediatric,pneumonia,influenza,mortality,vaccinations
sheep,poultry,equine,beef,dairy,swine,cattle,small,goats,ruminants
activities,chemical,radiological,cleanup,samples,release,biological
outbreak,disease
infectious,disease
influenza
environment,influenza,syndrome,problems,unspecific,severity,demand,overall,related,increase,heat,intoxication,cre,cold,gastrointestinal,respiratory illness
influenza
influenza,viruses
brucellosis,influenza,cryptosporidiosis,haemorrhagic,hepatitis c,spongiform,hepatitis d,hepatitis e,pneumococcal,hepatitis,hepatitis b,listeriosis,trichinosis,legionellosis,poliomyelitis,viral,polio,e coli,toxoplasmosis,fevers,meningococcal,cjd,botulism,leptospirosis,mumps,measles,antimicrobial,gonococcal,rabies,rubella,fever,chlamydia,malaria,salmonellosis,cholera,haemophilus,syphilis,variant,nosocomial,infection,shigellosis,plague,tuberculosis,group,resistance,hiv,campylobacter,enterohaemorrhagic,transmissible,infections,disease,echinococcosis,giardiasis,yersinosis,diphtheria,encephalopathies,pertussis,campylobacteriosis,hepatitis a
plant,rapid,dealing,system,alert,health,notification,interceptions
traveler,injury,health,disease,etc
outbreaks,foodborne,waterborne
threats,pest
disease,animal
deaths,injuries,vehicle
biologics,medication,useful,clinical,reviewers,approved,related,cber,submitted,sentinel,event,market,concern,information,health,potential,may,large,support,contains,system,research,looking,adverse,outside,program,safety,take,action,new,include,might,available,activities,product,restricting,faers,evaluated,performed,marketing,tool,reporting,protect,improve,regulations,drug,biologic,designed,databases,regulatory,using,post,concerns,updating,manufacturer,fda,conducting,responding,rare,center,communicating,database,evaluation,compliance,identified,reports,cder,removing,products,evaluating,error,marketed,requests,studies,labeling,therapeutic
reactions,infant,another,swelling,eg,expectations,foods,dietary,regulated,devices,primarily,collects,total,quality,physical,size,occurrence,container,mix,system,label,chemical,adverse,cosmetics,fracture,suture,implant,injury,local,sensitivity,side,hip,formulas,product,specifications,drugs,problems,effect,stem,failure,wrong,significant,excess,device,article,change,fda,reaction,e,anchor,g,trunnion,bioabsorbable,addressed,reports,medwatch,placed,supplements,products,deterioration,time,meet,toxicity,labeling
influenza
chemical,terrorist,food,acts,radiolgical,emergencies,related,contamination,biological,disasters
respond,threats,rapidly,products,facilities,track,class,tampering,illness,incidents,significant,recalls,suspected,disasters
vibrio,non,shigella,e coli,stec,escherichia,o157,cyclospora,toxin,yersinia,salmonella,listeria,producing,campylobacter,cryptosporidium,shiga
fmd,foot and mouth,disease
influenza,diseases,oie,csf,disease,foot and mouth,animal,avian influenza,bluetongue
wildlife,disease,trends
avian influenza,influenza
operations,real,ocha,jrc,disaster,europe,site,existing,sudden,unosat,delivered,refined,disasters,information,management,monitoring,aid,media,discussion,alerts,sms,system,virtual,coordination,better,field,priori,systems,centre,becomes,new,integration,email,available,donors,fax,onset,rescue,emergency,warnings,post,gdacs,professional,mapping,modelling,early,rapid,automated,services,news,line,responders,search,imagery,uncertain,forum,full,established,humanitarian,reports,teams,satellite,near,products,time,situation,voice,automatic
chikungunya,hepatitis d,hepatitis e,influenza,hepatitis a,hepatitis b,hepatitis c,poliomyelitis,disasters,endemic,zoonotic,yellow fever,polio,syndrome,nuclear,extensively,hepatitis,chemical,radiological,intoxications,dengue,avian influenza,east,avian cholera,fever,releases,cholera,avian influenza h7n9,infectoius,tuberculosis,respiratory,middle,resistant,disease,drug,coronavirus,avian influenza h5n1,outbreaks,enterovirus
information,influenza,threats,risk,g,zoonoses,well,disease,analysis,zoonotic,joint,sharing,foot and mouth,animal,bse,avian influenza,epidemiological,assessment,potential,diseases
klebsiella,staphylococcus,aureus,pneumoniae,spp,k,staph,enterococcus,pneumonia,acinetobacter,baumanii,pseudomonas,faecium,p aeruginosa,enterobacter
hemorrhagic fever,chikungunya,rickettsia,malaria,crimean,leishmaniasis,rickettsial,infections,hantavirus,q fever,fever,dengue,congo,leptospirosis,tick,encephalitis,diseases
lamblia,rotavirus,diarrheagenic,giardia,e coli,norovirus,spp,entamoeba,diarrhea,escherichia,cyclospora,astrovirus,amoeba,cayetanesis,parvum,salmonella,histolytica,campylobacter,cryptosporidium,shigella
chlamydophila,influenza,metapneumovirus,parainfluenza,streptococcus,pneumonia,adenovirus,mycoplasma,human,viruses,strep,respiratory syncytial virus,rhinoviruses
gonorrhoeae,trachomatis,hpv,n,vaginalis,hsv,syphilis,trachoma
major,citizenship,classification,defined,recorded,sex,inpatient,likely,outpatient,sought,traveler,education,assign,symptoms,codes,clinicians,exposure,area,broad,travel,seeking,demographic,research,current,reasons,relatives,clinical,health,missionary,categorized,visitor,collected,expatriate,include,final,location,status,physicians,used,standardized,business,information,list,demographics,student,friends,immigration,diagnostic,personnel,reason,birth,military,pretravel,includes,tourism,categories,volunteer,groups,diagnoses,injury,last,reported,whether,residence,age,visiting,immigrant,disease,syndrome,foreign,etc,diagnosis,country,visited,geographic,refugee,care,history
influenza
influenza
real,information,processes,language,using,plot,processing,system,disease,obtain,geographical,time,news,feeds,geographic,reference
exotic,invasive,u,key,species,concern
school,secondhand,tobacco,pro,hand,access,advertising,smoke,cessation,smoking,indirect,availability,exposure
control,pre,cdc,institutional,travelers,global,site,private,reviewed,gten,centers,provide,travel,distributed,consortium,pharmacy,clinical,health,board,maintenance,international,include,across,travepinet,consortia,clinics,sponsored,approved,care,organizations,study,disease,us,participating,academic,practices,review,prevention
searches,search,good,terms,ve,flu,trends,google,uses,activity,indicators,found,estimate,aggregated
aemorrhagic,unsafe,related,disease,biologics,human,disasters,issues,contaminated,fevers,outbreaks,diseases,chemical,drugs,safety,animal,bioterrorism,salmonellosis,products,plant,fever,meningitis,food,cholera,water,radioactive,infectious,devices,incidents,encephalitis
incidents,health
plant,human,infectious,disease,patterns,location,animal,diseases
chemical,respiratory,antivirals,prescriptions,deliberate,drugs,could,infections,antibiotics,agent,treatments,symptoms,radiological,prescribing,common,release,biological,gastrointestinal,result
poultry,avian influenza,influenza,avian influenza h5n1,hpai
food,illegally,imported
salmon,anemia
influenza
influenza
notifiable,influenza
noinfo
hemorrhagic fever,acute,fever,polio,meningitis,fevers,cholera,disease,pandemic,meningococcal,influenza,outbreaks,viral meningitis
enteric,cryptosporidiosis,disease
salmonella
status,emergency,track,bed,availability,diversion,critical,services,events,care
infectious,disease
non,injury,infectious,disease
influenza,distress,enterotoxin,infectious,pneumonias,gases,bacterial,pulmonary,unexplained,death,syndrome,pneumococcal pneumonia,q fever,staph,due,etiologies,ricin,critical,staphylococcus,fever,aureus,inhaled,possible,phosgene,tularemia,plague,chlorine,respiratory illness,acute,diagnoses,b,hantavirus,specific,pneumonia,viral pneumonia,organism
hiv
hemorrhagic fever,organisations,related,roughly,viruses,anthrax,bacteria,issues,viral,threats,sub,variety,q fever,classes,health,animal,ebola,fever,diseases,bioterrorism,water,types,respiratory,toxins,medicines,fevers,infections,disease,reports,summary,etc,contaminations,quantitative,latest
control,major,phobia,dysthymic,year,explosive,depressive,adjustment,agoraphobia,anorexia,mood,disorders,nervosa,symptoms,psychotic,bipolar,delusions,generalized,anxiety,panic,eating,bulimia,manic,abuse,impulse,hallucinations,bse,alcohol,stress,substance,episode,intermittent,obsessive,compulsive,dependence,drug,specific,illicit,without,disorders1,disorder,posttraumatic,history
liquid,frozen,baterial,year,products,dried,contamination,egg
hazards,infectious,disease
lujo,infant,influenza,cryptosporidiosis,poliovirus,cholerae,wound,trachoma,hemolytic,strep,toxic shock syndrome,tetanus,trachomatis,junin,morbidity,varicella,h influenzae,invasive,paralytic,mortality,toxin,sabia,diseases,e coli,salmonellosis,cholera,haemophilus,phagocytophilum,neuroinvasive,serogroup,tuberculosis,new,world,acute,respiratory,giardiasis,dengue,encephalitis,nonneuroinvasive,brucellosis,powassan virus,vibriosis,arboviral,vibrionaceae,poliomyelitis,vibrio,tularemia,hepatitis,babesiosis,ehrlichiosis,syphilis,ebola,coronavirus,nonparalytic,shiga,stec,toxigenic,malaria,yellow fever,shigellosis,equine influenza,california,post,undetermined,pertussis,cov,resistant,spotted,hantavirus,visa,rickettsiosis,pediatric,ehrlichia,hemorrhagic fever,anaplasmosis,family,viral encephalitis,lyme disease,strep group b,congo,viruses,listeriosis,psittacosis,pulmonary,legionellosis,arenavirus,other human disease,coccidioidomycosis,meningococcal,immunodeficiency,st louis encephalitis,intermediate,cyclosporiasis,sars,chancroid,uremic,lassa fever,staphylococcus,chlamydia,measles,infection,plague,ewingii,western equine encephalitis,producing,present,guanarito,congenital,novel,vrsa,arenaviruses,leprosy,hansen,pneumococcal,associated,diarrheal,streptococcal,foodborne,hepatitis d,hepatitis e,hepatitis a,hepatitis b,hepatitis c,anthrax,species,chaffeensis,machupo virus,polio,hiv,q fever,staph,diarrhea,botulism,trichinellosis,mumps,rubella,fever,diagnosis,rabies,typhoid,aureus,perinatal,other animal disease,smallpox,escherichia,marburg fever,vancomycin,west nile virus,eastern equine encephalitis,infections,crimean,gonorrhea,diphtheria,anaplasma,chronic disease
exotic,plant,threats,diseases,pests,identified,us,environment,weeds
laboratory,notifiable,national,testing,spongiform,bovine,encephalopathy,enteric,milk,market,residue,monitoring,network,northern,veterinary,system,strategy,program,health,australian,scheme,pathogen,arbovirus,australia,diseases,granuloma,tuberculosis,post,wildlife,submission,transmissible,freedom,quarantine,survey,assurance,databases
disease,animal,zoonotic
poultry,management,livestock,producer,biosecurity,trichinae,domestic,practices,states,united,health,swine,animal,movements,population
sheep,avian,monitored,equine,camel,notifiable,fish,disease,goat,mollusc,crustacean,amphibian,swine,cattle,bee,species,lagomorph
brucellosis,hemorrhagic fever,spongiform,fever,diseases,rabies,viral,emerging,scrapie,bovine,vesicular,pseudorabies,influenza,classical swine fever,vhs,septicemia,encephalopathy,bse,avian influenza
usda,people,meats,enteric,bacteria,vibrio,shigella,cdc,cholerae,antimicrobial,e coli,food,cholera,salmonella,campylobacter,fda,susceptibility,animals,ill,o157,found,intestinal
avian influenza,influenza
botulism
tb,tuberculosis,bovine
cervical,breast,cancer
distribution,tick,fever,resistance,cattle
cervid,tuberculosis
jakob,creutzfeldt,disease,cre
influenza,cryptosporidiosis,poliovirus,pneumoniae,german,trachoma,hemolytic,trichinosis,strep,toxic shock syndrome,tetanus,tetani,trachomatis,producing,varicella,h influenzae,invasive,paralytic,tb,tss,mortality,toxin,non,diseases,e coli,crs,salmonellosis,cholera,haemophilus,neuroinvasive,tuberculosis,ornithosis,acute,respiratory,giardiasis,dengue,brucellosis,notifiable,vibriosis,arboviral,chicken pox,aids,poliomyelitis,vibrio,tularemia,rabies,hepatitis,babesiosis,ehrlichiosis,syphilis,coronavirus,nonparalytic,shiga,stec,malaria,shigellosis,viral pneumonia,post,stage,pertussis,legionnaire,resistant,spotted,vhf,hantavirus,rickettsiosis,pediatric,hemorrhagic fever,anaplasmosis,ipd,lyme disease,variola,listeriosis,psittacosis,pulmonary,legionellosis,yellow fever,other human disease,stss,coccidioidomycosis,meningococcal,intermediate,cyclosporiasis,sars,chancroid,uremic,staphylococcus,chlamydia,measles,infection,plague,hus,reclassified,iii,present,congenital,novel,vrsa,infectious,streptococcus,pneumonia,leprosy,hansen,associated,deaths,diarrheal,streptococcal,perinatal,hepatitis d,hepatitis e,hepatitis a,hepatitis b,hepatitis c,anthrax,smallpox,polio,hiv,pneumococcal pneumonia,q fever,staph,diarrhea,botulism,whooping cough,trichinellosis,mumps,chickenpox,rubella,fever,pontiac,botulinum,valley fever,typhoid,aureus,nationally,visa,other animal disease,escherichia,vancomycin,rubeola,infections,hps,gonorrhea,diphtheria,chronic disease
consumer,injury,associated,products
medications,arrest,trauma,treatment,cardiac,injury
help,effects,sex,defects,choices,relationships,information,asthma,monoxide,lead,chemical,health,helps,conditions,exposures,body,diseases,substances,may,effect,hazard,environmental,chemicals,understand,blood,birth,particular,carbon,exposure,lifestyle,age,us,air,person,amount,race,behavior,learn,problem,example,pollution
influenza,rabies,foot and mouth,newcastle,bse,avian influenza
questions,weight,fitness,nutritional,related,highly,dietary,trained,socioeconomic,consists,laboratory,risk,disorders,factors,physiological,administered,measurements,demographic,health,indicators,examination,physical,numerous,nutrition,tests,diseases,problems,dental,behavioral,component,environmental,care,conditions,well,personnel,emotional
behaviors,status,illness,functioning,family,cancer,utilization,vaccination,arthritis,disability,related,access,immunization,health,indicators,alternative,injury,limitations,insurance,resources,care
associated,health,infection,care
behaviors,hiv,testing,results,access,collected,risks,behavioral,services,prevention
hiv
inpatient,mortality,deaths
influenza,tetanus,pcv,conjugate,dtap,hepatitis d,hepatitis e,pneumococcal,hepatitis a,hepatitis b,hepatitis c,collects,poliovirus,rotavirus,polio,vaccination,varicella,two,hepatitis,h influenzae,parts,mumps,var,type,toxoids,rubella,chicken pox,measles,haemophilus,mmr,hib,hepb,vaccinations,nis,dt,vaccine,dtp,chickenpox,acellular,zoster,diphtheria,pertussis
pre,illnesses,mental,related,chronic,pregnancy,sexual,injuries,alcohol,area,health,interest,main,conditions,knowledge,status,parent,cigarette,substance,post,supplemental,areas,dating,natal,practices,workplace,activity,fertility,care
malaria
foodborne illness
influenza,cryptosporidiosis,poliovirus,pneumoniae,german,trachoma,hemolytic,trichinosis,strep,toxic shock syndrome,tetanus,tetani,trachomatis,producing,varicella,h influenzae,invasive,paralytic,tb,tss,mortality,toxin,non,diseases,e coli,crs,salmonellosis,cholera,haemophilus,neuroinvasive,tuberculosis,ornithosis,acute,respiratory,giardiasis,dengue,brucellosis,notifiable,vibriosis,arboviral,chicken pox,aids,poliomyelitis,vibrio,tularemia,rabies,hepatitis,babesiosis,ehrlichiosis,syphilis,coronavirus,nonparalytic,shiga,stec,malaria,shigellosis,viral pneumonia,post,stage,pertussis,legionnaire,resistant,spotted,vhf,hantavirus,rickettsiosis,pediatric,hemorrhagic fever,anaplasmosis,ipd,lyme disease,variola,listeriosis,psittacosis,pulmonary,legionellosis,yellow fever,other human disease,stss,coccidioidomycosis,meningococcal,intermediate,cyclosporiasis,sars,chancroid,uremic,staphylococcus,chlamydia,measles,infection,plague,hus,reclassified,iii,present,congenital,novel,vrsa,infectious,streptococcus,pneumonia,leprosy,hansen,associated,deaths,diarrheal,streptococcal,perinatal,hepatitis d,hepatitis e,hepatitis a,hepatitis b,hepatitis c,anthrax,smallpox,polio,hiv,pneumococcal pneumonia,q fever,staph,diarrhea,botulism,whooping cough,trichinellosis,mumps,chickenpox,rubella,fever,pontiac,botulinum,valley fever,typhoid,aureus,nationally,visa,other animal disease,escherichia,vancomycin,rubeola,infections,hps,gonorrhea,diphtheria,chronic disease
peritoneum,respiratory,diseases,pleura,mesothelioma,workers,asbestosis,related,coal,pneumonitis,hypersensitivity,malignant,byssinosis,silicosis,occupationally,pneumoconiosis
status,water,fluoridation,system,disease,delivery,health,oral,care
viral,non,noinfonown,caused,parasitic,well,disease,waterborne,chemical,agents,toxin,outbreaks,enteric,bacterial
plant,disease,pests
series,updated,maintained,agents,micromedex,poisindex,bacterial,viral,outbreaks,contains,system,poison,chemical,internet,ranging,product,commercial,exposure,database,drug,products,analysts,npds,continuously
poultry,gallisepticum,influenza,enteritidis,typhoid,pullorum,meleagridis,mycoplasma,synoviae,avian influenza,salmonella
rotavirus,influenza,metapneumovirus,positive,specimen,proportion,adenovirus,parainfluenza,participating,tracks,respiratory,tests,location,human,collected,done,rsv,laboratories,type
scrapie
function,behaviors,illness,cognitive,relationship,sexuality,sensory,medication,health,connectedness,emotional,quality,physical
botulism
cholera,vibriosis,vibrio
listeria
salmonella
stec,e coli,toxin,producing,escherichia,shiga
shigella
typhoid
breastfeeding,weight,epilepsy,hearing,brain,learning,adhd,autism,depression,physical,seizures,needs,asthma,syndrome,cerebral,concussion,disability,add,health,speech,injury,dental,problems,palsy,joinr,care,anxiety,chronic,tourette,activity,oral,vision
non,prescription,alcohol,tobacco,drugs,illicit,health,mental
trauma,injuries,icd
states,mandated,notifiable,reporting,local,nationally,disease,note,state,health,tuberculosis,law,tb
suspected,samples,confirmatory
violent,mortality,deaths
deaths,births,marriages,divorces,vital,events,fetal
west nile virus
pathogens,fish,viruses,bacterial,parasites
offs,set,occurrence,migratory,states,primarily,existence,throughout,species,diseases,information,united,endangered,long,birds,territories,ranging,today,epizootics,comprehensive,wildlife,free,tracks,documents,term,epidemics,die,documentation,over40,geographic,epizoo
icd,syndromes,disease,injuries
cancer
reactions,harm,medication,mental,ed,related,pedestrian,anaphylaxis,motor,injuries,asthma,poisonings,bite,rash,firearm,health,animal,vehicle,injury,allergic,crash,traumatic,fire,fireworks,assault,traffic,snake,overdose,burns,diabetes,brain,drug,lizard,poisoning,bites,self
other plant disease,arthopods,pests,weeds
influenza
anemia,disablity,mental,cancer,pressure,dental,speech,chronic,health,blood,asthma,obesity,injury,autism,diabetes
breastfeeding,growth,initiation,duration,physical,anemia
breastfeeding,infant,influenza,testing,related,feelings,pregnancy,depressive,insurance,physical,alcohol,symptoms,attitudes,health,postpartum,maternal,hiv,prenatal,abuse,morbidity,care,contraceptive,tobacco,practices
plants,acute,animals,toxins,animal,food,outbreaks,infectious,diseases,grown,health,human,affect,feed,exposures
infectious,disease
outbreaks,infectious,disease
influenza,prescriptions,pneumonia,infections,pneumococcal pneumonia,viral pneumonia,respiratory,antiviral,vaccine
shipments,illness,presence,travelers,actions,disease,arriving,antitoxins,border,death,threats,crossings,ships,airlines,vessels,flights,sick,borders,arrival,emergency,inbound,persons,land,related,pathogens,imported,post,tracking,animals,ill,infectious,us,conveyances,importation
rabies
environmental,radiation
status,acute,fever,mental,ili,skin
neurological,respiratory,constitutional,rash,botulinic,gastrointestinal,hemorrhagic,gi
e coli,campylobacter,enterococci,salmonella,bacteria,zoonotic
health,disease,animal
std
outbreaks,disease
emerging,novel,deaths,infections,unexplained,sudden,pathogens,newly,fatal
illnesses,work,injuries,related
brucellosis
tract,fever,maculo,syndrome,acute,haemorrhagic,rash,hepatitis,ili,hepatitis d,hepatitis e,influenza,vescicular,hepatitis a,gastroenteritis,hepatitis c,lowrespiratory,lrti,papular,respiratory illness
gastrointestinal,evi,neurological,influenza,asthma,syndrome,haemorrhagic,related,ili,death,fever,infection,skin,enterovirus,gi,respiratory illness
influenza,national,results,influenza h1n1,bovine,foot and mouth,encephalopathy,newcastle disease,event,canada,chronic wasting disease,application,classical swine fever,test,avian influenza,cwd,paramyxovirus,spongiform,fever,collected,scrapie,collation,bse,novel,record,laboratories,chronic disease
toxic,chemical,exposures
non,injury,infectious,disease
diabetes
anthrax,detect,mail
ankles,bleeding,elbows,disease,viruses,quality,check,knees,disorders,treatment,samples,shoulders,ability,attend,information,overall,joint,blood,school,hemophilia,level,work,thrombosis,thalassemia,motion,range,products,diagnosis,activity,hips,history
ovine,caprine,johne,disease
map,crisis,hazard
signals,adverse,vaccines,associated,events
reference,models,global,disease,collection,records,vector,mosquito,distribution,tick,geo,species,sandfly
vesicular,virus,stomatitis
illness,ships,gi,cruise
equine,anemia
e coli,h7,foodborne,pathogens,salmonella,c difficile,campylobacter
hepatitis e,hepatitis a,hepatitis,viral
health,human,devices
non,associated,outbreaks,recreational,disease,waterborne,water,cre,drinking
chlorinated,radionuclides,metals,agents,inorganic,bacterial,symptoms,compounds,chemical,pesticides,plant,diseases,water,contamination,pathogens,chlorine,warfare,organic,toxins,resistant,products,common
injury,non,fatal,violent,death
west nile virus
wildlife,disease,trends
zoonoses,diseases,animal
behaviors,sexually transmitted infection,unintended,unhealthy,inadequate,dietary,pregnancy,injuries,physical,asthma,alcohol,young,yrbss,diseases,hiv,tobacco,violence,drug,youth,unintentional,activity,obesity
