cities,us
us
us
us
us
us
states,us
us
global
florida,us
california,us
global
us
new,us
global
global
global
cities,us
us
us
labs,us
canada
us
u
us
us
us
alaska,us
us
us
states,us
nysdoh,us
us
denmark
us
us
us
global
us
us
u
us
states,border,u,us
us
us
global
us

us
us
kingdom,united
asia
us
us
us
states,us
us
us
global
union,european
union,european
union,european
union,european
union,european
union,european
union,european
sweden
us
kingdom,united
u
us
us
global
us
us
us

netherlands
global
global
global
global
global
global
global
global
global
global
global
global
global
global
global
global
union,european
us
global
us
global
k,u
indonesia
us
us
states,us
us
us
indonesia
global
us
us
us
global
massachusetts,us
new,us
u
union,european
u
us
global
us
us
australia
us
us
states,us
us
us
us
us
us
us
us
us
kingdom,united
us
hospitals,us
us
states,us
america
us
us
facilities,us
u
u
u
us
u
us
labs,us
us
us
us
us
us
us
us
us
us
u
us
us
us
us
us
us
us
u
us
u
us
us
states,us
us
us
us
us
us
us
north,us,carolina
global
global
u
us
states,us
global
global
us
kingdom,united
quarantine,us,stations
global
us
west,us
states,canada,us
us
indonesia
states,us
global
states,us
u
us
italy
taiwan
canada
us
kansas,us
us
us
us
us
global
us
global
us
us
us
us
us
global
us
us
us
canada,us
us
global
us
