organizations,statistics,managed,nurses,private,death,vital,doctors,certificates,hospitals,care
inc,cross,collection,participating,american,blood,america,centers,red,systems
case,records,reports
primarily,providers,captures,humans,private,mosquitoes,states,veterinarians,laboratory,electronic,birds,confirmed,united,practitioners,positive,varies,passive,state,health,finding,local,across,horses,relies,mammals,reporting,commercial,diagnostic,labs,arbonet,report,care,case,equine,database,receive,submissions,departments,enter
health,departments
brfss,adobe,national,back,nsch,cost,discharge,hcup,nhis,project,statistics,asthma,call,allergies,system,nas,health,examination,factor,isaac,international,kid,nutrition,risk,nhanes,yrbs,vital,interview,hcupnet,expenditure,longitudinal,nlsy79,panel,kb,nvss,study,utilization,ambulatory,youth,nhds,survey,meps,behavior,behavioral,pdf,childhood,care
partners,north,database,incident,national,utah,wisconsin,oregon,states,facilities,state,tennessee,incidents,york,databases,new,investigation,fixed,louisiana,carolina
samoa,columbia,district,virgin,guam,states,rico,american,palau,u,islands,puerto
baidu,wildlife,google,organization,world,media,promed,integration,hundreds,network,health,news,soso,mail,feeds,rss,com,medisys,european
influenza,central,risk,emergency,ed,six,florida,parks,high,facilities,theme,base,daily,military,hospitals,reporting
va,francisco,emergency,calls,ed,dispatch,records,respiratory,arizona,taiwan,san
genbank,iah,emergency,vietnamese,pirbright,oie,incidence,well,virus,reports,serological,chief,bases,rvf,sequences,complaints,news,fmd,weekly,feeds,rss
va,hl7,ed,jurisdictions,dod,icd,clinic,urgency,care
pre,limited,code,logs,office,ed,related,eds,medication,reports,information,death,nm,utilization,transfer,admission,poison,clinical,health,systems,include,local,elements,emergency,syndromic,regional,dispatch,discharge,obtained,center,calls,investigator,departments
information,myriad,affairs,food,veterans,hospitals,infections,agencies,reports,nation,countermeasures,federal,other animal disease,employed,schools,u,education,inspection,disasters
government,veterinary,point,healthmap,oie,classified,results,ministry,environmental,diagnostics,test,health,observations,ed,need,bse,feeds,zoonotic,rss
resource,risk,database,bsv,reporting,disease,cbrn,health,directory,assessment,knowledge
tested,agents,bioterrorism,filters,air
records
contracted,livestock,national,testing,inconclusive,facilities,farms,year,ia,along,usda,rapid,addition,veterinary,approximately,clinics,health,screening,samples,collected,markets,method,tests,targeted,initial,lab,diagnostic,taken,slaughter,services,ames,population,undergo,salvage,renderers,analysis,cre,laboratories,similar,nvsl
health,lab
delinked,anonymous,reference,people,within,examined,pretravel,questionnaire,best,canada,provinces,chain,travel,demographic,system,confirmed,health,collected,include,available,tests,affected,assays,clinics,million,outpatient,diagnostic,serologic,polymerase,reason,travellers,microbiologically,encounter,care,reaction,organ,whether,ill,itinerary,visited,referral,clinician
supply,veterinary,usda,reference,cdc,able,national,within,humans,tests,sign,states,facilities,australia,defense,agents,drug,measure,sentinel,often,category,outbreak,toxic,other human disease,capable,federal,departments,responsible,administration,chemical,located,state,clinical,health,samples,test,safety,operated,include,local,kingdom,canada,biology,testing,run,diseases,food,agencies,lrn,labs,environmental,chemicals,united,other animal disease,military,provide,includes,korea,abroad,exposure,fda,water,animals,shared,specimens,us,international,addition,ensuring,biological,laboratories,others
death,federal,workers,agency,state,reports,records,compensation,certificates,administrative
fda,donors,tests,us,screen,lice,cruzi,licensed,labs,blood,cre,account,using,laboratories,antibody
extracted,tests,lead,cdc,fields,national,child,transferred,reports,specific,database,state,systems,databases,laboratories,blood
transplant,va,u,boulware,affairs,nutrition,reasons,national,recipients,cric,sample,services,esrd,college,polycystic,nkdep,racial,education,centers,kidney,scientific,cohort,kaiser,usrds,system,northern,aric,consortium,program,health,medicare,diabetes,veterans,permanente,differences,risk,nationwide,radiologic,ama,nhanes,united,atherosclerosis,inpatient,heart,kpnc,agrawal,regards,medicaid,imaging,census,communities,nis,strong,association,population,ndi,states,search,shs,crisp,renal,examination,studies,study,cap,insufficiency,ckid,stroke,youth,pathologists,american,survey,srtr,california,registry,geographic,cms,chronic disease
capture,sourced,moralities,hunter,dead,tissue,kill,blood,found,harvest,road
labs,official,animal,district,saho,veterinary,vdls,lab,diagnostic,director,state,vs,health,samples,laboratories,submissions,associate
b,certification,workers,niosh,coal,program,reader,x,autopsy,national,ray
plant,carcass,farm,swab,lab,fecal,tissue,slaughter,samples
emergency,departments,labs,clinical,health,hl,entry,ascii
nurseries,surveys,visual,datasheets,diagnostic,conducted,trap
records,health,call,electronic,record
subset,force,army,dmss,system,air,defense,enlisted,navy,bse,marine
theater,repository,largest,system,records,ambulatory,health,world,military,electronic,store
military,branches
organization,animal,reference,vietnamese,eg,pirbright,serotype,submitted,genbank,health,samples,laboratory,world,fmd,panaftosa
jurisdictions,facility,ed,jurisdiction,submits,accept,states,urgent,arrangements,directly,collects,electronic,providers,area,emrs,extracted,state,health,covered,local,distribute,emergency,records,aggregate,care,made,participating,uc
partners,hazmat,center,business,sources,fusion,users
non,short,emergency,hour,federal,ed,least,general,states,located,surgical,united,one,must
incorporate,back,drug,signs,analysis,abdominal,business,formatted,symptoms,health,include,might,breathing,pain,emergency,hl7,syndromic,sales,difficulty,analyzed,bse,physician,school,calls,level,counter,departments,offices,absenteeism,ears
case,partners,confirmation,collaborate,effective,urgent,federal,collaboration,infectious,reports,disease,regions,provide,state,rapid,states,laboratory,international,canada,border,united
inspectors,managers,curiosity,arborists,states,bse,noticed,port,universities,threats,network,concerned,initial,mechanism,everyday,contact,health,forest,numerous,pathogen,problems,early,insect,important,significant,specialists,concerns,observation,many,citizens,individuals,voice,fhp
voluntary,territorial,agencies,passive,state,health,local
vet,tracking,epidemiological,farm,sample,laboratory
fda,usda,federal,partnership,three,dod,agencies,states,joined,laboratory,laboratories
school,medication,sales,primary,symptoms,facilities,patients,health,absenteeism,pharmacies,bse,main,present
text,agnostic,sales,numeric,weather,hotline,news,hospitals,endemic,codes,ehr,billing,media,self,veterinary,grouped,clinical,health,input,nurse,sensor,syndromes,non,emergency,civilian,syndromic,practice,diagnostic,medications,private,icd9,bse,promotions,prescription,room,calls,local,counter,disease,dod,absenteeism,military
ed,commercial,departments,labs,health,media,news,rss
records,emergency
glews,major,global,share,tads,sources,warning,initiative,suspected,collects,information,united,outbreaks,ngo,system,field,governmental,health,systems,interest,oie,non,zoonoses,partners,empres,agencies,early,joint,other animal disease,fao,representations,response,wide,missions,country,reports,nations,project,ministries,range,common,receives,media,domains,organization,cooperating,institutions
serving,facilities,laboratories,microbiology,area
departments,state,u,health,laboratories,hospitals
labs,laboratories,health,departments,us
organizations,wildlife,biologists,veterinary,diagnostic,veterinarians,laboratories
control,associated,results,analysis,laboratory,id,end,matrix,field,positive,negative,approximately,qualifiers,instrument,inal,samples,units,performance,evaluation,checks,correspondence,non,blanks,lcs,substances,reporting,agreement,generated,substance,registry,date,org,method,typ,name,compendium,laboratories,e,target,g,package,cas,type,uncertainty,narative,email,project,etc,limit,limits,calibrations,result
official,health,reports
feed,rss,promed
romania,influenza,nursing,serbia,influenza h1n1,russian,sources,albania,viruses,pdm09,slovakia,sentinel,provide,outbreaks,circulating,virological,republic,specimens,ukraine,non,belarus,federation,belgium,georgia,victoria,b,armenia,schools,yamagata,kazakhstan,influenza h3n2,lineage,homes,kyrgyzstan,respiratory,settings,type,according,moldova,subtype,range,laboratories,similar,called
information,emergency,centres,dispatch,documentations,ii,records,systems,ambulance,iii
case,consultations,virology,qualitative,indicators,aggregate
virology
states,union,agencies,member,ministries,health,europen,eea
eu,member,states,switzerland,efsa
represent,enhanced,participate,network,practitioners,situations,travel,six,geosentinel,brief,tropical,potential,medicine,outbreak,worldwide,continents,clinics,maintains,membership,members,mail,response,additional,e,queries,international
illness,sales,county,medication,anti,gastrointestinal,swedish,information,diarrhea,pharmacy,symptoms,health,website,otc,telephone,gastroenteritis,triage,care,acute,direct,stockholm,queries
information,google,e,g,weblogs,ejournals,sources,nexis,webpages,using,services,news,electronic,listservs
noinfo
examiner,lice,states,licensing,registration,par,documents,police,service,coroner,state,vital,various,vehicle,certificates,highway,files,emergency,driver,records,death,fars,statistics,obtained,accident,reports
clinicians
va,containing,disributor,held,records,federal,million,medicaid,dod,facilities,importer,health,user,databases,professional,medicare,applicants,consumer,care,manufacturer
uploaded,databases,influenza,actively,reference,nics,national,global,collaborating,system,regional,gisrs,centres,laboratories,response
laboratories
incident,reports
foodnet,serving,routinely,area,periodic,conduct,communicate,system,reported,meaning,officials,health,ensure,new,clinical,audits,laboratories
noinfo
organizations,veterinary,central,practitioners,farmers,institute,national,mers,together,environment,rivm,health,cvi,dutch,agricultural,work,institutions
predict,global,human,standardized,information,media,consortium,per,field,digital,collected,specimens,across,gains,houses,members,interface,world,wildlife,animals,50k,hour,database,developing,websites,conducted,collated
collecting,surveys,samples,biological,thousands,bird
seismological,ocha,jrc,disaster,mediterranean,states,open,united,service,media,hazards,geological,tropical,flood,tsunam,program,wmo,cyclone,international,ingv,european,satellite,centre,free,volcano,news,desinventar,earthquake,usgs,imagery,center,emm,reports,survey,emsc,orgs
operations,indications,utilizes,cdc,global,matter,emerging,reviewed,unofficial,sources,scanned,gdd,us,event,unverified,information,verified,network,confirm,media,latter,networks,languages,health,internet,international,subject,events,available,partners,regional,key,using,headquarters,abroad,center,relies,professionals,threats,e,g,publicly,official,well,disease,reports,ministries,investigate,individuals,offices,outbreaks,experts,words,institutions
influenza,network,food,oie,joint,safety,fao,animal,authorities,international,expertise,offlu,infosan
partners,service,populations,country,civilian,traveler,host,u,members,military,laboratory
populations,country,host,civilian,military
partners,service,populations,country,civilian,traveler,host,u,members,military,laboratory
duty,nationals,training,populations,personnel,high,contact,animal,basic,military,dependents,local,advanced
military,u
represent,enhanced,participate,network,practitioners,situations,travel,six,geosentinel,brief,tropical,potential,medicine,outbreak,worldwide,continents,clinics,maintains,membership,members,mail,response,additional,e,queries,international
collaborating,ccs,clinical,samples,centres,comprises,institutions
beijing,influenza,reference,tokyo,national,collaborating,h5,melbourne,london,centres,regulatory,atlanta,laboratories,essential

correspondence,literature,secure,expert,primary,sources,internal,aphis,electronic,documents
youth,surveys,ghpss,tobacco,gyts,personnel,professions,global,school,related,gats,four,gsps,survey,adult,student,health
administer,yellow fever,united,clinics,many,travel,registered,primary,fever,practices,states,academic,clinical,health,medicine,occupational,pharmacy,across,vaccine,care
search,google,users
media,news,global,wires,sources
health,departments
tagged,google,rumors,official,reports,moderated,free,human,promed,news,validated,rss
hospitals,gps
noinfo
searches,random
usda,office,national,nahln,veterinarians,laboratory,nsu,unit,information,monitoring,network,veterinary,system,accredited,state,health,animal,nahms,entered,oie,reporting,reported,services,world,nahrs,reports,veterinarian,cre,organization
control,admission,infection,lab,databases
providers,labs,offices,state,health,sentinal,local
confirmed,influenza,associated,death,child,laboratory
veterinary,comprehensive,regional,capability,eight,testing,laboratories
categorical,integration,linking,investigation,health,systems,confirmations,outbreak,action,laboratory,existing,response
records,emergency
submission,territorial,passive,state,health,laboratories
noinfo
twitter,stream
labcorp,arup,transmitting,electronic,national,commercial,private,labs,quest,clinical,reports,lab,laboratory,laboratories,hospitals
examiner,coroner,offices,autopsies,postmortem,premortem
people,within,sampling,states,facilities,aids,total,stage,sampled,united,area,two,strategy,new,include,method,hiv,mmp,persons,included,using,care,sample,receiving,territory,project,accomplished,u,diagnosed,introduced,starting
portals,providers,news,open,monitors,media,currently,per,languages,health,european,around,specialised,commercial,agencies,hundreds,lexisnexis,world,day,articles,u,found,feeds,medisys
nsduh,mhss,sample,participants,clinical,adult
fsis,peprlab,laboratories,service,field
agricultural,telecommunication,weblogs,environmental,economic,traffic,weather,internet,indices,news,feeds,rss
case,physicians,group,level,provide,local,reports,summary,county,person,state,health,departments,aggregate,specific,information,laboratories,hospitals
surveys
laboratory,notifiable,national,testing,spongiform,bovine,encephalopathy,enteric,milk,market,residue,monitoring,network,northern,veterinary,system,strategy,program,health,australian,scheme,pathogen,arbovirus,australia,diseases,granuloma,tuberculosis,post,wildlife,submission,transmissible,freedom,quarantine,survey,assurance,databases
uploaded,results,vs,result,laboratory,information,management,personnel,system,nahln,field,efficiencies,animal,test,submissions,available,tests,reporting,diagnostic,reported,although,programs,diseasecontrol,individual,databases,entry,automatically
feed,feces,blood,samples,questionnaires,biological,milk
state,officials,health,animal
voluntary,study,lab,labs,state,samples
humans,lab,health,samples,isolates,laboratories
poultry,passive,methods,observational,antigen,gathered,domestic,four,officials,health,either,animal,using,serologic,bse
report,health,lab
confirmation,slaughter,diagnostic,producers,field,establishments,veterinarians,test,laboratory,laboratories
results,screening,cre
usda,office,national,nahln,veterinarians,laboratory,nsu,unit,information,monitoring,network,veterinary,system,accredited,state,health,animal,nahms,entered,oie,reporting,reported,services,world,nahrs,reports,veterinarian,cre,organization
usda,office,national,nahln,veterinarians,laboratory,nsu,unit,information,monitoring,network,veterinary,system,accredited,state,health,animal,nahms,entered,oie,reporting,reported,services,world,nahrs,reports,veterinarian,cre,organization
yearly,england,office,supply,scotland,national,paediatricians,rubrics,general,sources,ascertainment,neurophysiologists,need,passive,death,revision,northern,reminded,cjd,icd,ncjdrsu,clinical,coded,ireland,f02,certificates,neuropathologists,health,refer,may,possible,statistics,members,wales,vcjd,psychiatrists,professionals,a81,neurologists,considered,register,twice,individuals,offices,diagnosis,10th,geriatricians
records,clinical,health,lab
ed
state,agencies,ems
cancer,cdc,national,mainly,results,states,sources,directly,information,end,variety,system,state,program,health,city,registries,provided,aggreagation,hazard,nci,report,november,exposure,submitted
composed,work,gatherers,process,cattle,information,network,entities,notification,veterinary,ulavs,system,passive,field,units,local,events,raisers,relay,mechanisms,sanitary,sensors,care,gather,well
development,examinations,household,nutritional,obtain,assess,growth,americans,laboratory,throughout,centers,risk,physical,information,combines,dna,factors,personal,travel,participants,health,examination,conditions,exposures,status,nutrition,tests,undiagnosed,standardized,repository,overweight,diet,diagnostic,environmental,assessments,procedures,randomly,country,person,survey,obesity,interviews
bureau,personal,household,interviewing,sampling,households,person,census,u,representative,trained,assisted,interview,employed,questionnaire,interviewers,mode,interviews,capi
records
risk,hiv,interviews,infection,high,persons
laboratory,health,specimens
six,institutional,ed,national,sample,surgery,hospitals,united,federal,currently,collected,recruited,non,emergency,outpatient,asc,ambulatory,care,opd,center,beds,states,survey
surveys,group,vaccinations,asks,permission,vaccination,providers,parents,phone,contact,survey,questions,guardians,mail,includes
survey,cohort,longitudinal,interviewed,samples
chain,providers,reports,laboratory,mandated,film,staff,information,rapid,epidemiological,state,clinical,health,local,tests,malaria,diagnostic,reported,blood,care,case,reaction,polymerase,departments,conducted,diagnosed
lab
health
statistics,center,national,nchs,icd,death,health,cause,codes
brfss,fluoridation,cancer,cdc,national,states,report,directly,pregnancy,factor,nhis,cre,surveys,united,monitoring,system,yrbss,state,health,screening,basic,interview,examination,local,nutrition,reporting,risk,wfrs,nhanes,dental,databases,aggregation,bss,water,statistics,synopses,aggregate,prams,census,programs,assessment,departments,youth,territorial,survey,behavior,behavioral,oral
territorial,state,health,report,outbreak,local
national,regional,designated,departments,diagnostic,records,state,private,laboratories,local,lgu
member,aapcc,poison,centers
usda,office,national,nahln,veterinarians,laboratory,nsu,unit,information,monitoring,network,veterinary,system,accredited,state,health,animal,nahms,entered,oie,reporting,reported,services,world,nahrs,reports,veterinarian,cre,organization
participating,basis,chain,polymerase,pcr,commercial,university,reaction,collaborating,virus,results,county,culture,state,health,detections,antigen,report,isolations,laboratories,weekly
usda,office,certification,national,testing,scrapie,regulatory,nahln,veterinarians,laboratory,flock,nsu,unit,information,monitoring,network,veterinary,system,accredited,state,program,health,animal,veterinarian,entered,sfcp,non,samples,trace,farm,oie,reporting,slaughter,reported,free,services,world,rsss,g,nahrs,reports,nahms,cre,organization
study,longitudinal,population
botulism,confirmed,laboratory
health,departments
providers,health,care
confirmed,territorial,passive,state,health,human,laboratory,salmonella,laboratories,isolates
stec,confirmed,united,state,passive,states,territorial,health,human,laboratory,isolates,laboratories
confirmed,shigella,infections,territorial,passive,state,health,human,laboratory,laboratories
confirmed,fever,typhoid,territorial,state,health,laboratory,laboratories
randomly,old,household,random,telephone,one,households,numbers,child,interview,called,subject
households,u
us,participating,reported,trauma,registry,centers
control,cdc,national,electronic,centers,information,verified,network,district,system,nedss,rico,state,health,puerto,tb,columbia,reported,tuberculosis,phin,disease,departments,prevention
dvl,dbl,virology,national,disease,nahln,diagnostic,faddl,pathobiology,program,health,animal,bacteriology,laboratory,foreign,pl,network
enforcement,death,crime,labs,certificates,coroners,law,examiners
responsible,deaths,jurisdictions,births,marriages,divorces,vital,various,systems,registration,operated,legally,events,fetal
health,state,local,departments
fish,malonate,results,biolog,growth,performed,elisa,size,sampled,pcr,hatcheries,motility,samples,test,cultures,stain,conditions,stock,confrimed,gelatinase,environmental,microlog,pathogens,indole,esculin,location,api,gram,wild,found,bionar
wildlife,north,network,developed,national,reporting,well,collaborators,continent,american,health,across,center
control,alerts,room,emergency,animal,food,media,veterinary,reports,laboratory,records,discharge,vital,tainted,poison,ems,ambulance,calls,statistics,center
universities,national,commercial,research,labs,hospitals,centers
pre,information,center,emergency,care,well,system,poison,urgent,departments,premis,pilot,centers,select,carolinas
www,pathfinder,miner,results,reports,field,officials,aphis,stakeholders
news,feeds
persons,u
wic,county,clinic,title,start,state,program,health,screening,treatment,nutrition,head,maternal,mch,cre,early,generated,child,supplemental,level,reports,summary,annually,periodic,diagnosis,v,infants,epsdt
surveys,interviews,telephone,mailed,nonresponders,follow
member,official,least,mail,often,media,reporting,subscribers,others,reports,subscriber,contributed,online,observers,news,bse,local,summaries,promed,rss
promed,disease,news,outbreak,feeds,rss
clinical,health
diagnoses,general,network,daily,practices,spread,uk,clinical,throughout,aggregated
passenger,exposed,manifests,airplane,recognition,information,pattern,animal,analyze,derived,immigration,lists,quarantined,records,importation,passengers,animals,prevent,double,refugee,disease,us,products,entry
world,questionnaire,survey,wrs,rabies
stationary,monitors,air
government,federal,ed,lab,records,health
already,messages,providers,process,ed,hl7,records,clinical,health,systems,registration,collected,care
feed,within,fecal,facilities,farms,year,sentinel,throughout,management,would,per,production,health,samples,collected,processing,slaughter,herd,representative,particular,plants,four,commodity,us,times
laboratory,text,databases,sms,field
info,received,reporting,standardized,combination,national,hard,demographic,patients,system,forms,reported,clinic,behavioral,copy,electronic,telecommunications,netss
regions,partners,network,world
examiner,coroner,offices,autopsies,postmortem,premortem
sample,employers
management,risk,populations,testing,tissue,results,slaughter,appropriate,practices,controls,test,mitigating,movement
ed,records
ed
pre,provincial,government,federal,university,slaughter,diagnostic,farms,practising,veterinarians,laboratory,laboratories,specimens
control,real,retained,center,records,telephone,poison,site,computerized,program,call,collection,time,collected,autoupload,aapcc
configurable
brfss
equipment,mail,canceling,samples,air
information,hemophilia,testing,treatment,serologic,health,blood,collected,specimens,centers,staff
usda,office,national,nahln,veterinarians,laboratory,nsu,unit,information,monitoring,network,veterinary,system,accredited,state,health,animal,nahms,entered,oie,reporting,reported,services,world,nahrs,reports,veterinarian,cre,organization
text,twitter,sms,messages,email
represent,associated,providers,lack,lice,licensed,bias,reports,occur,unverified,concerned,administration,incidence,vaccines,adverse,simultaneous,parents,rates,health,subject,events,limitations,reporting,manufacturers,welcome,possible,unvaccinated,antigens,effects,groups,pharmacists,one,vaccine,care,comparison,temporally,us,patients,individuals,side
www,sandflymap,associated,global,datum,numbers,human,bse,ontains,given,mmap,museum,maps,preserved,wrair,input,specimens,observations,literature,temporary,rescue,collection,records,catalog,part,vouchered,org,refers,come,databased,datasets,tickmap,observation,submissions,etc,mosquito,mosquitomap,african,served,distribution,identifier,workers,comprise
samples,diagnostic
illness,logs,documentation,ship,gastrointestinal,inspections
labs,state,veterinary,lab,diagnostic
farm,sources,isolates,slaughter,diagnostic
illness,cdc,notifiable,national,results,two,hepatitis d,hepatitis e,hepatitis a,hepatitis b,hepatitis c,event,ethnicity,vhsp,viral,factors,demographic,system,hepatitis,onset,state,program,systems,basic,test,clinical,risk,infection,includes,serologic,county,dates,g,age,disease,race,diagnosis,nndss
crowdsourced
territorial,state,health,report,outbreak,local
customer,high,monitoring,system,parameters,existing,direct,analysis,integration,water,radiological,chemical,health,systems,biological,complaints,laboratory,contaminants,quality,priority
records,death,cause,emergency,cdc
tests,amplification,testing,nucleic,performed,nat,cre,donor,acid,screening
seanet,hedds,cwddc,animal,databases
control,aquatic,within,laboratory,event,terrestrial,epidemiological,notification,species,member,location,geographical,outbreak,occurs,carried,tests,confirmation,affected,concerning,immediate,hours,reason,important,progress,must,applied,sending,animals,name,whenever,disease,inform,oie
methods,nutrition,national,related,one,high,middle,supplement,year,questionnaire,activity,physical,even,youth,surveys,district,federal,territorial,yrbss,short,biennially,state,program,health,numbered,samples,steps,interview,survey,nypans,include,urban,cppw,added,risk,upcoming,students,preceding,continues,june,term,released,initiatives,part,putting,representative,cycle,communities,july,population,begins,school,several,e,g,healthierus,tribal,work,well,large,conducted,ongoing,behavior,time,following,studies,study,prevention,published
