maps,charts
noinfo
none
table,map,usgs,cdc
none
website,map,trends
oracle,dashboard
website,map
google,associated,links,text,global,contextualized,evidence,pubmed,world,headlines,event,scientific,highwire,visualization,syndrome,maps,geographically,points,health,location,outbreak,type,pathogen,map,users,clicking,portal,gain,filtered,using,along,stage,pairs,scholar,allows,disease,display,anywhere,drill,databases,plotted,onto,called,view
maps,line,bar,graphs
screens,document,coding,cre
analysis,temporal,hotspot,visualizer,spatial
engine,search,key,classification,charts,maps,trends,words,validation,syndrome
noinfo
info,map,statistics,related,events,weather,references,markers,world,event
maps,interactive,visualization,graphs
filtering,graphs,notification,directories,alerts,maps,mass,chat
none
none
noinfo
charts
charts
noinfo
visualization
map,protected,password,reports

customizable,maps,ckd,graphics
noinfo
noinfo
table,system,query
noinfo
maps,search,charts,reports,workflow

app,gis,charts
bar,charts,person,rates,line,counts
noinfo
noinfo
searches,phylogenetic,temporal,creation,specified,assimilation,analysis,mapping,arcgis,viewing,agents,trees,cre,spatio
seasonal,influenza,figure,ed,consistent,distribute,site,epidemic,visualized,trends,concept,periods,directly,comparable,total,weekly,specific,monitoring,baseline,quartile,series,pattern,febrile,jurisdictions,state,health,systems,routine,local,syndromes,non,sharing,time,indicated,means,initially,syndromic,criteria,overall,however,variation,primary,reported,regional,surface,ratios,aggregate,plots,response,temporal,relative,respiratory,created,age,presented,departments,noted,participating,magnitude,period,presenting,cre,peak,ranged,ters,display,proof
query,scorecards
reportss,short,basic,graphs,published,counts
graphs
noinfo
sketches,maps,aerial,hazard,ratings
system,database,food,tool,cdc,searching,disease,foodborne,platform,online,outbreak
column,graphs,line
county,map,analyte,drill,level
different,users,figure,maps,charts,create,customized,lists,desktop,widgets,add,dashboard,cre,interface,works,alarm,present
bar,choropleth,series,pie,charts,maps,time
bar,choropleth,series,pie,charts,maps,time,crosstabs
maps,graphs
show,abattoir,period,module,estimated,tadinfo,information,given,calculate,vaccination,passive,field,map,origination,apparent,spot,records,diseased,demand,bse,census,animals,observation,modules,disease,record,abattoirs,time,found
noinfo
noinfo
map,column,pie,chart,dashboard,fluview,line
visualizations,temporal,geospatial
noinfo
information,posts,articles
google,yahoomaps,well,scalable,maps,vector,graphics
graphs,pie,charts
map,stacked,charts,pie,table,indicators,bar,line
charts
database,charts,summary,flunet,viewed,interactive
accessible,publicly,database,maps,online,interactive
noinfo
charts
visualization
noinfo
noinfo
charts,basic
files
files
maps,graph
graphical,set,purposes,reports,analytical,new,implemented
incident,reports,inspecton
maps,graphs
noinfo
noinfo
visualization,www,sharing,released,predict,healthmap,hosted,results,project,test,authorities,platform,notification,proper,org,local
layers,map,filtering,country,drop,menus,portal,species
map,satellite,imagery,text,alerts,lists,summary,analytics,media
noinfo
noinfo
noinfo
noinfo
noinfo
noinfo
noinfo
charts
weekly,maps,database,charts,interactive
flunet
map
noinfo
noinfo
charts
date,graph,intensity,map
noinfo
none
case,map,geolocation,series,idea,reports,prediction,interface,time,ebola
noinfo
noinfo
noinfo

maps,displays,fluview,plots,viewed,interactive
noinfo
map,via,visualization,column,graphs,fluview,interactive
noinfo
graphs,maps
charts
noinfo
map
maps,heat,charts
maps,search,charts,reports,workflow
noinfo
none
charts,reports,maps,query,medisys,software

table,bar,graphs
graphs,maps
graphs,published,reports,weekly
noinfo
noinfo
noinfo
study,project,maps,part,figures,report
noinfo
noinfo
diplays,counts,graphs,line,interactive
map,recoveries,risk,designation,band

graphs,maps
charts


noinfo
none
table,system,query
noinfo
map,tool,filtering,query,interactive
export
maps,graphs
files
charts
none
atlas,maps,nchhstp,reports,graphics


datasets
noinfo
pattern,comparison
noinfo
maps,charts

noinfo
maps,dynamic
visualization,software,built,npds

website,division,census,hhs,graph,national,regional,state,trends,line,region

datasets
noinfo
noinfo
noinfo
noinfo
noinfo
noinfo
noinfo
glance,charts,drill
maps,charts,sets
information

test,results
none
maps,graphs,interactive
map,national,graphs
pathogens,map,dates
map,maps,google,interactive
noinfo
none
browser
none
noinfo
database
graphs
maps
maps

none
noinfo
noinfo
country,maps,global,interactive
map,state,list,stations
plot,geographic,graph,time,map
control,available,seven,set,logs,encrypted,jurisdiction,displayed,site,epidemic,two,screens,sources,clinic,registration,comprises,rods,total,check,divided,alternates,normalize,shown,checked,series,review,currently,three,maps,state,counts,health,epiplot,time,main,mapplot,syndromes,shows,profile,box,product,users,normalized,views,screen,otc,utah,sales,ed,every,user,county,interface,plots,password,categories,care,week,states,pennsylvania,region,daily,registrations,specific,protected,products,cre,five,minutes,display,automatically,view
noinfo
maps,graphs
charts,reports
tool,desktop
noinfo
pdf,text,charts,summary
noinfo
noinfo
series,time
none

maps,search,charts,reports,workflow
motion,gis,national,charts,county,maps,state,esri
noinfo
noinfo

map,alerts,reports
files
dots,result,collections,records,may,particular,vouchered,primary,collection,events,museums,maps,stored,place,time,mosquitomap,output,bse,specimens,species,observations
noinfo

maps,distribution
column,graphs,line
maps,graphs
graphs
noinfo
noinfo
maps,charts
map,bar,graph,reports,protected,password
healthmap,topics,disease,maps,country,date,type,species
noinfo
noinfo
